{"cameraMode":{"drawMode":0,"name":"Shaded","section":"Shading Mode"},"sceneLighting":false,"audioPlay":false,"sceneViewState":{"m_AlwaysRefresh":false,"showFog":true,"showSkybox":false,"showFlares":true,"showImageEffects":true,"showParticleSystems":true,"showVisualEffectGraphs":true,"m_FxEnabled":true},"in2DMode":false,"pivot":{"x":-0.17512911558151246,"y":-0.0848853588104248,"z":-0.13241273164749146},"rotation":{"x":-0.16979092359542848,"y":0.8282639384269714,"z":-0.3451279103755951,"w":-0.40747687220573428},"size":0.7794259190559387,"orthographic":false}