{"cameraMode":{"drawMode":0,"name":"Shaded","section":"Shading Mode"},"sceneLighting":true,"audioPlay":false,"sceneViewState":{"m_AlwaysRefresh":false,"showFog":true,"showSkybox":true,"showFlares":true,"showImageEffects":true,"showParticleSystems":true,"showVisualEffectGraphs":true,"m_FxEnabled":true},"in2DMode":false,"pivot":{"x":3.6757583618164064,"y":-7.426661968231201,"z":9.501218795776368},"rotation":{"x":0.5089781880378723,"y":0.002582328859716654,"z":-0.0015269381692633033,"w":0.8607742786407471},"size":8.515480995178223,"orthographic":false}