{"cameraMode":{"drawMode":0,"name":"Shaded","section":"Shading Mode"},"sceneLighting":false,"audioPlay":false,"sceneViewState":{"m_AlwaysRefresh":false,"showFog":true,"showSkybox":false,"showFlares":true,"showImageEffects":true,"showParticleSystems":true,"showVisualEffectGraphs":true,"m_FxEnabled":true},"in2DMode":false,"pivot":{"x":-0.47234177589416506,"y":-0.015412718057632447,"z":0.8221286535263062},"rotation":{"x":-0.07260429859161377,"y":-0.3749961256980896,"z":0.029156329110264779,"w":-0.9238662123680115},"size":0.8660253882408142,"orthographic":false}